{
  "ABIRoot": {
    "kind": "Root",
    "name": "TopLevel",
    "printedName": "TopLevel",
    "children": [
      {
        "kind": "Import",
        "name": "Foundation",
        "printedName": "Foundation",
        "declKind": "Import",
        "moduleName": "IronSource",
        "declAttributes": [
          "RawDocComment"
        ]
      },
      {
        "kind": "TypeDecl",
        "name": "Test",
        "printedName": "Test",
        "children": [
          {
            "kind": "Function",
            "name": "helloSwift",
            "printedName": "helloSwift()",
            "children": [
              {
                "kind": "TypeNominal",
                "name": "String",
                "printedName": "Swift.String",
                "usr": "s:SS"
              }
            ],
            "declKind": "Func",
            "usr": "c:@M@IronSource@objc(cs)Test(im)helloSwift",
            "mangledName": "$s10IronSource4TestC10helloSwiftSSyF",
            "moduleName": "IronSource",
            "declAttributes": [
              "AccessControl",
              "ObjC"
            ],
            "funcSelfKind": "NonMutating"
          },
          {
            "kind": "Constructor",
            "name": "init",
            "printedName": "init()",
            "children": [
              {
                "kind": "TypeNominal",
                "name": "Test",
                "printedName": "IronSource.Test",
                "usr": "c:@M@IronSource@objc(cs)Test"
              }
            ],
            "declKind": "Constructor",
            "usr": "c:@M@IronSource@objc(cs)Test(im)init",
            "mangledName": "$s10IronSource4TestCACycfc",
            "moduleName": "IronSource",
            "overriding": true,
            "implicit": true,
            "objc_name": "init",
            "declAttributes": [
              "Dynamic",
              "ObjC",
              "Override"
            ],
            "init_kind": "Designated"
          }
        ],
        "declKind": "Class",
        "usr": "c:@M@IronSource@objc(cs)Test",
        "mangledName": "$s10IronSource4TestC",
        "moduleName": "IronSource",
        "declAttributes": [
          "AccessControl",
          "ObjC"
        ],
        "superclassUsr": "c:objc(cs)NSObject",
        "inheritsConvenienceInitializers": true,
        "superclassNames": [
          "ObjectiveC.NSObject"
        ],
        "conformances": [
          {
            "kind": "Conformance",
            "name": "Equatable",
            "printedName": "Equatable",
            "usr": "s:SQ",
            "mangledName": "$sSQ"
          },
          {
            "kind": "Conformance",
            "name": "Hashable",
            "printedName": "Hashable",
            "usr": "s:SH",
            "mangledName": "$sSH"
          },
          {
            "kind": "Conformance",
            "name": "CVarArg",
            "printedName": "CVarArg",
            "usr": "s:s7CVarArgP",
            "mangledName": "$ss7CVarArgP"
          },
          {
            "kind": "Conformance",
            "name": "_KeyValueCodingAndObservingPublishing",
            "printedName": "_KeyValueCodingAndObservingPublishing",
            "usr": "s:10Foundation37_KeyValueCodingAndObservingPublishingP",
            "mangledName": "$s10Foundation37_KeyValueCodingAndObservingPublishingP"
          },
          {
            "kind": "Conformance",
            "name": "_KeyValueCodingAndObserving",
            "printedName": "_KeyValueCodingAndObserving",
            "usr": "s:10Foundation27_KeyValueCodingAndObservingP",
            "mangledName": "$s10Foundation27_KeyValueCodingAndObservingP"
          },
          {
            "kind": "Conformance",
            "name": "CustomStringConvertible",
            "printedName": "CustomStringConvertible",
            "usr": "s:s23CustomStringConvertibleP",
            "mangledName": "$ss23CustomStringConvertibleP"
          },
          {
            "kind": "Conformance",
            "name": "CustomDebugStringConvertible",
            "printedName": "CustomDebugStringConvertible",
            "usr": "s:s28CustomDebugStringConvertibleP",
            "mangledName": "$ss28CustomDebugStringConvertibleP"
          }
        ]
      }
    ],
    "json_format_version": 8
  },
  "ConstValues": [
    {
      "filePath": "\/Users\/runner\/work\/ios-sdk6\/ios-sdk6\/IronSource\/IronSource\/Project\/Test.swift",
      "kind": "IntegerLiteral",
      "offset": 337,
      "length": 1,
      "value": "2"
    },
    {
      "filePath": "\/Users\/runner\/work\/ios-sdk6\/ios-sdk6\/IronSource\/IronSource\/Project\/Test.swift",
      "kind": "IntegerLiteral",
      "offset": 351,
      "length": 1,
      "value": "1"
    },
    {
      "filePath": "\/Users\/runner\/work\/ios-sdk6\/ios-sdk6\/IronSource\/IronSource\/Project\/Test.swift",
      "kind": "BooleanLiteral",
      "offset": 401,
      "length": 4,
      "value": "true"
    },
    {
      "filePath": "\/Users\/runner\/work\/ios-sdk6\/ios-sdk6\/IronSource\/IronSource\/Project\/Test.swift",
      "kind": "StringLiteral",
      "offset": 421,
      "length": 29,
      "value": "\"Swift | isSmart: \""
    },
    {
      "filePath": "\/Users\/runner\/work\/ios-sdk6\/ios-sdk6\/IronSource\/IronSource\/Project\/Test.swift",
      "kind": "StringLiteral",
      "offset": 449,
      "length": 1,
      "value": "\"\""
    }
  ]
}